rsid	signal	coord	alleles	MAF	R2	ancestry
rs112859199	rs2644262	chr18:36655772	(AA/-)	0.2445	0.712	EUR
rs117084494	rs78310129	chr11:57179994	(G/A)	0.0129	1	EUR
rs117550412	rs2234962	chr10:119665450	(A/T)	0.2187	1	EUR
rs117879887	rs78310129	chr11:56972272	(G/A)	0.0129	1	EUR
rs1188554292	rs2644262	chr18:36647519	(CAT/-)	0.2117	0.7212	EUR
rs1262074340	rs2644262	chr18:36651750	(-/A)	0.2873	0.8679	EUR
rs139913353	rs78310129	chr11:56934040	(T/C)	0.0129	1	EUR
rs139922164	rs78310129	chr11:56847805	(T/C)	0.0139	0.7886	EUR
rs149158325	rs78310129	chr11:56992927	(T/C)	0.0129	1	EUR
rs1495900	rs2644262	chr18:36655693	(A/G)	0.2495	0.7256	EUR
rs1589626536	rs2234962	chr10:119665303	(-/T)	0.2087	0.9311	EUR
rs17099139	rs2234962	chr10:119659975	(C/G)	0.2714	0.7422	EUR
rs17566792	rs2644262	chr18:36639163	(T/G)	0.2684	0.8874	EUR
rs17617337	rs2234962	chr10:119667372	(C/T)	0.2177	0.9942	EUR
rs17651674	rs2644262	chr18:36633490	(A/G)	0.2634	0.8728	EUR
rs183161729	rs78310129	chr11:57443251	(C/T)	0.0129	0.7126	EUR
rs188595936	rs78310129	chr11:56935682	(G/C)	0.0129	1	EUR
rs1893433	rs2644262	chr18:36652989	(T/C)	0.2843	0.8624	EUR
rs2234962	rs2234962	chr10:119670121	(T/C)	0.2187	1	EUR
rs2644260	rs2644262	chr18:36639271	(G/T)	0.2704	0.8971	EUR
rs2644262	rs2644262	chr18:36643603	(T/C)	0.2714	1	EUR
rs2644263	rs2644262	chr18:36649675	(C/A)	0.2127	0.7255	EUR
rs2644267	rs2644262	chr18:36656063	(G/A)	0.2495	0.7256	EUR
rs2848901	rs2644262	chr18:36652647	(C/T)	0.2863	0.8908	EUR
rs2848907	rs2644262	chr18:36605285	(A/G)	0.2684	0.7681	EUR
rs2848917	rs2644262	chr18:36639272	(T/C)	0.2982	0.7787	EUR
rs2848923	rs2644262	chr18:36646338	(G/A)	0.2604	0.7578	EUR
rs34457458	rs2644262	chr18:36646270	(-/TA)	0.2604	0.7578	EUR
rs370087239	rs2644262	chr18:36639814	(-/TT)	0.2406	0.8123	EUR
rs501740	rs2644262	chr18:36664211	(G/T)	0.2624	0.7493	EUR
rs503274	rs2644262	chr18:36673782	(C/T)	0.2853	0.7602	EUR
rs60193611	rs2644262	chr18:36651307	(A/G)	0.2604	0.7937	EUR
rs60414579	rs2644262	chr18:36649596	(C/T)	0.2127	0.7255	EUR
rs60682190	rs2644262	chr18:36660438	(G/C)	0.2565	0.7572	EUR
rs60727973	rs2644262	chr18:36663939	(T/G)	0.2575	0.7618	EUR
rs61683531	rs2644262	chr18:36640528	(T/C)	0.2913	0.897	EUR
rs61869036	rs2234962	chr10:119663324	(G/C)	0.2187	1	EUR
rs7095308	rs2234962	chr10:119666800	(G/A)	0.2724	0.7478	EUR
rs72840788	rs2234962	chr10:119656173	(G/A)	0.2187	1	EUR
rs72842207	rs2234962	chr10:119674163	(C/T)	0.2167	0.9884	EUR
rs74844805	rs2644262	chr18:36641952	(-/A)	0.2833	0.9326	EUR
rs75089314	rs78310129	chr11:57403241	(A/T)	0.0129	0.7126	EUR
rs78310129	rs78310129	chr11:57026403	(C/T)	0.0129	1	EUR
rs79455021	rs78310129	chr11:57149041	(C/T)	0.0129	1	EUR
