query	chromosome	bp	class	rsid	gene	alleles	ancestral_allele	variation_allele	seqname	hgvs	assembly	ref_seq	minor
rs112859199	18	36655772	snv	rs112859199	FHOD3	C,A	C	A	NC_000018.10	NC_000018.10:g.36655772C>A	GRCh38.p14	C	A
rs117084494	11	57179994	snv	rs117084494	LRRC55/LOC105369309	G,A	G	A	NC_000011.10	NC_000011.10:g.57179994G>A	GRCh38.p14	G	A
rs117550412	10	119665450	snv	rs117550412	BAG3	A,C,G,T	A	C,G,T	NC_000010.11	NC_000010.11:g.119665450A>C,NC_000010.11:g.119665450A>G,NC_000010.11:g.119665450A>T	GRCh38.p14	NA	NA
rs117879887	11	56972272	snv	rs117879887		G,A	G	A	NC_000011.10	NC_000011.10:g.56972272G>A	GRCh38.p14	G	A
rs1188554292	18	36647519	del	rs1188554292	FHOD3	CCA, delCCA	CCA	delCCA	NC_000018.10	NC_000018.10:g.36647519_36647521del	GRCh38.p14	NA	NA
rs1262074340	18	36651750	snv	rs1262074340	FHOD3	C,A	C	A	NC_000018.10	NC_000018.10:g.36651750C>A	GRCh38.p14	C	A
rs139913353	11	56934040	snv	rs139913353	LOC105369310	T,C	T	C	NC_000011.10	NC_000011.10:g.56934040T>C	GRCh38.p14	T	C
rs139922164	11	56847805	snv	rs139922164	LINC02735	T,C,G	T	C,G	NC_000011.10	NC_000011.10:g.56847805T>C,NC_000011.10:g.56847805T>G	GRCh38.p14	T	C
rs149158325	11	56992927	snv	rs149158325		T,C	T	C	NC_000011.10	NC_000011.10:g.56992927T>C	GRCh38.p14	T	C
rs1495900	18	36655693	snv	rs1495900	FHOD3	A,G	A	G	NC_000018.10	NC_000018.10:g.36655693A>G	GRCh38.p14	A	G
rs1589626536	10	119665303	snv	rs1589626536	BAG3	A,T	A	T	NC_000010.11	NC_000010.11:g.119665303A>T	GRCh38.p14	NA	NA
rs17099139	10	119659975	snv	rs17099139	BAG3	C,G	C	G	NC_000010.11	NC_000010.11:g.119659975C>G	GRCh38.p14	C	G
rs17566792	18	36639163	snv	rs2848918	FHOD3	T,G	T	G	NC_000018.10	NC_000018.10:g.36639163T>G	GRCh38.p14	T	G
rs17617337	10	119667372	snv	rs17617337	BAG3	C,T	C	T	NC_000010.11	NC_000010.11:g.119667372C>T	GRCh38.p14	C	T
rs17651674	18	36633490	snv	rs2644257	FHOD3	A,G	A	G	NC_000018.10	NC_000018.10:g.36633490A>G	GRCh38.p14	A	G
rs183161729	11	57443251	snv	rs183161729		C,G,T	C	G,T	NC_000011.10	NC_000011.10:g.57443251C>G,NC_000011.10:g.57443251C>T	GRCh38.p14	C	T
rs188595936	11	56935682	snv	rs188595936	LOC105369310	G,A,C	G	A,C	NC_000011.10	NC_000011.10:g.56935682G>A,NC_000011.10:g.56935682G>C	GRCh38.p14	NA	NA
rs1893433	18	36652989	snv	rs1893433	FHOD3	T,C	T	C	NC_000018.10	NC_000018.10:g.36652989T>C	GRCh38.p14	T	C
rs2234962	10	119670121	snv	rs2234962	BAG3	T,C	T	C	NC_000010.11	NC_000010.11:g.119670121T>C	GRCh38.p14	T	C
rs2644260	18	36639271	snv	rs2644260	FHOD3	G,A,T	G	A,T	NC_000018.10	NC_000018.10:g.36639271G>A,NC_000018.10:g.36639271G>T	GRCh38.p14	G	T
rs2644262	18	36643603	snv	rs2644262	FHOD3	T,C	T	C	NC_000018.10	NC_000018.10:g.36643603T>C	GRCh38.p14	T	C
rs2644263	18	36649675	snv	rs2644263	FHOD3	C,A,T	C	A,T	NC_000018.10	NC_000018.10:g.36649675C>A,NC_000018.10:g.36649675C>T	GRCh38.p14	C	A
rs2644267	18	36656063	snv	rs2644267	FHOD3	G,A	G	A	NC_000018.10	NC_000018.10:g.36656063G>A	GRCh38.p14	G	A
rs2848901	18	36652647	snv	rs2848901	FHOD3	C,T	C	T	NC_000018.10	NC_000018.10:g.36652647C>T	GRCh38.p14	C	T
rs2848907	18	36605285	snv	rs2848907	FHOD3	A,G	A	G	NC_000018.10	NC_000018.10:g.36605285A>G	GRCh38.p14	A	G
rs2848917	18	36639272	snv	rs2848917	FHOD3	T,C	T	C	NC_000018.10	NC_000018.10:g.36639272T>C	GRCh38.p14	T	C
rs2848923	18	36646338	snv	rs2848923	FHOD3	G,A,C	G	A,C	NC_000018.10	NC_000018.10:g.36646338G>A,NC_000018.10:g.36646338G>C	GRCh38.p14	G	A
rs34457458	18	36646271	ins	rs34457458	FHOD3	,A,TA		A,TA	NC_000018.10	NC_000018.10:g.36646270_36646271insA,NC_000018.10:g.36646270_36646271insTA	GRCh38.p14	NA	NA
rs370087239	18	36639814	snv	rs370087239	FHOD3	G,T	G	T	NC_000018.10	NC_000018.10:g.36639814G>T	GRCh38.p14	NA	NA
rs501740	18	36664211	snv	rs501740	FHOD3/LOC105372071	G,T	G	T	NC_000018.10	NC_000018.10:g.36664211G>T	GRCh38.p14	G	T
rs503274	18	36673782	snv	rs503274	FHOD3	C,A,G,T	C	A,G,T	NC_000018.10	NC_000018.10:g.36673782C>A,NC_000018.10:g.36673782C>G,NC_000018.10:g.36673782C>T	GRCh38.p14	C	T
rs60193611	18	36651307	snv	rs2644266	FHOD3	A,G	A	G	NC_000018.10	NC_000018.10:g.36651307A>G	GRCh38.p14	A	G
rs60414579	18	36649596	snv	rs2957176	FHOD3	C,T	C	T	NC_000018.10	NC_000018.10:g.36649596C>T	GRCh38.p14	C	T
rs60682190	18	36660438	snv	rs2644268	FHOD3/LOC105372071	G,A,C,T	G	A,C,T	NC_000018.10	NC_000018.10:g.36660438G>A,NC_000018.10:g.36660438G>C,NC_000018.10:g.36660438G>T	GRCh38.p14	NA	NA
rs60727973	18	36663939	snv	rs499715	FHOD3/LOC105372071	T,A,C,G	T	A,C,G	NC_000018.10	NC_000018.10:g.36663939T>A,NC_000018.10:g.36663939T>C,NC_000018.10:g.36663939T>G	GRCh38.p14	T	G
rs61683531	18	36640528	snv	rs2644261	FHOD3	T,A,C,G	T	A,C,G	NC_000018.10	NC_000018.10:g.36640528T>A,NC_000018.10:g.36640528T>C,NC_000018.10:g.36640528T>G	GRCh38.p14	T	C
rs61869036	10	119663324	snv	rs61869036	BAG3	G,C,T	G	C,T	NC_000010.11	NC_000010.11:g.119663324G>C,NC_000010.11:g.119663324G>T	GRCh38.p14	G	C
rs7095308	10	119666800	snv	rs7095308	BAG3	G,A	G	A	NC_000010.11	NC_000010.11:g.119666800G>A	GRCh38.p14	G	A
rs72840788	10	119656173	snv	rs72840788	BAG3	G,A,T	G	A,T	NC_000010.11	NC_000010.11:g.119656173G>A,NC_000010.11:g.119656173G>T	GRCh38.p14	G	A
rs72842207	10	119674163	snv	rs72842207	BAG3	C,T	C	T	NC_000010.11	NC_000010.11:g.119674163C>T	GRCh38.p14	C	T
rs74844805	18	36641952	snv	rs74844805	FHOD3	C,A	C	A	NC_000018.10	NC_000018.10:g.36641952C>A	GRCh38.p14	NA	NA
rs75089314	11	57403241	snv	rs75089314		A,G,T	A	G,T	NC_000011.10	NC_000011.10:g.57403241A>G,NC_000011.10:g.57403241A>T	GRCh38.p14	A	T
rs78310129	11	57026403	snv	rs78310129		C,T	C	T	NC_000011.10	NC_000011.10:g.57026403C>T	GRCh38.p14	C	T
rs79455021	11	57149041	snv	rs79455021	LOC105369309	C,T	C	T	NC_000011.10	NC_000011.10:g.57149041C>T	GRCh38.p14	C	T
